{
  "Get Product Photo" : {
    "transaction" : "Get Product Photo",
    "sampleCount" : 2131,
    "errorCount" : 0,
    "errorPct" : 0.0,
    "meanResTime" : 2.781792585640547,
    "medianResTime" : 2.0,
    "minResTime" : 0.0,
    "maxResTime" : 125.0,
    "pct1ResTime" : 5.0,
    "pct2ResTime" : 6.0,
    "pct3ResTime" : 19.679999999999836,
    "throughput" : 11.114356347856926,
    "receivedKBytesPerSec" : 369.80198742952473,
    "sentKBytesPerSec" : 2.1816265878117598
  },
  "Login User" : {
    "transaction" : "Login User",
    "sampleCount" : 340,
    "errorCount" : 0,
    "errorPct" : 0.0,
    "meanResTime" : 72.1617647058824,
    "medianResTime" : 69.0,
    "minResTime" : 52.0,
    "maxResTime" : 155.0,
    "pct1ResTime" : 85.0,
    "pct2ResTime" : 94.94999999999999,
    "pct3ResTime" : 142.76999999999992,
    "throughput" : 3.1115585247551936,
    "receivedKBytesPerSec" : 1.9635635924773498,
    "sentKBytesPerSec" : 0.764519653152741
  },
  "Load Products in Category" : {
    "transaction" : "Load Products in Category",
    "sampleCount" : 615,
    "errorCount" : 0,
    "errorPct" : 0.0,
    "meanResTime" : 6.808130081300814,
    "medianResTime" : 5.0,
    "minResTime" : 1.0,
    "maxResTime" : 131.0,
    "pct1ResTime" : 10.0,
    "pct2ResTime" : 10.0,
    "pct3ResTime" : 50.84000000000003,
    "throughput" : 3.3244501143286502,
    "receivedKBytesPerSec" : 3.077713582405821,
    "sentKBytesPerSec" : 0.626580929751396
  },
  "Verify user auth" : {
    "transaction" : "Verify user auth",
    "sampleCount" : 40,
    "errorCount" : 0,
    "errorPct" : 0.0,
    "meanResTime" : 1.6500000000000001,
    "medianResTime" : 0.0,
    "minResTime" : 0.0,
    "maxResTime" : 51.0,
    "pct1ResTime" : 1.0,
    "pct2ResTime" : 1.0,
    "pct3ResTime" : 51.0,
    "throughput" : 1.3591573224600748,
    "receivedKBytesPerSec" : 0.36766267414203196,
    "sentKBytesPerSec" : 0.4751741420319402
  },
  "Get Product" : {
    "transaction" : "Get Product",
    "sampleCount" : 903,
    "errorCount" : 0,
    "errorPct" : 0.0,
    "meanResTime" : 6.9102990033222556,
    "medianResTime" : 5.0,
    "minResTime" : 1.0,
    "maxResTime" : 116.0,
    "pct1ResTime" : 10.0,
    "pct2ResTime" : 11.0,
    "pct3ResTime" : 80.0,
    "throughput" : 4.700774612693653,
    "receivedKBytesPerSec" : 2.9563465337643677,
    "sentKBytesPerSec" : 0.8263080373875562
  },
  "Register New User" : {
    "transaction" : "Register New User",
    "sampleCount" : 40,
    "errorCount" : 40,
    "errorPct" : 100.0,
    "meanResTime" : 7.2250000000000005,
    "medianResTime" : 4.0,
    "minResTime" : 2.0,
    "maxResTime" : 56.0,
    "pct1ResTime" : 9.0,
    "pct2ResTime" : 51.299999999999855,
    "pct3ResTime" : 56.0,
    "throughput" : 1.3201320132013201,
    "receivedKBytesPerSec" : 0.4280115511551155,
    "sentKBytesPerSec" : 0.49060179455445546
  },
  "Admin Login" : {
    "transaction" : "Admin Login",
    "sampleCount" : 50,
    "errorCount" : 0,
    "errorPct" : 0.0,
    "meanResTime" : 74.66000000000001,
    "medianResTime" : 76.0,
    "minResTime" : 53.0,
    "maxResTime" : 115.0,
    "pct1ResTime" : 86.0,
    "pct2ResTime" : 96.34999999999991,
    "pct3ResTime" : 115.0,
    "throughput" : 0.431879626510499,
    "receivedKBytesPerSec" : 0.2720335538078827,
    "sentKBytesPerSec" : 0.1054393619410398
  },
  "Verify Admin Auth" : {
    "transaction" : "Verify Admin Auth",
    "sampleCount" : 50,
    "errorCount" : 0,
    "errorPct" : 0.0,
    "meanResTime" : 7.580000000000003,
    "medianResTime" : 3.0,
    "minResTime" : 1.0,
    "maxResTime" : 112.0,
    "pct1ResTime" : 7.0,
    "pct2ResTime" : 52.74999999999985,
    "pct3ResTime" : 112.0,
    "throughput" : 0.4299226139294927,
    "receivedKBytesPerSec" : 0.1162974258383491,
    "sentKBytesPerSec" : 0.15072482265692175
  },
  "Update Category" : {
    "transaction" : "Update Category",
    "sampleCount" : 50,
    "errorCount" : 0,
    "errorPct" : 0.0,
    "meanResTime" : 6.12,
    "medianResTime" : 5.0,
    "minResTime" : 2.0,
    "maxResTime" : 22.0,
    "pct1ResTime" : 10.0,
    "pct2ResTime" : 11.0,
    "pct3ResTime" : 22.0,
    "throughput" : 0.4297895750240682,
    "receivedKBytesPerSec" : 0.19147461340427727,
    "sentKBytesPerSec" : 0.19269179091166966
  },
  "Get Category Endpoint" : {
    "transaction" : "Get Category Endpoint",
    "sampleCount" : 1268,
    "errorCount" : 0,
    "errorPct" : 0.0,
    "meanResTime" : 5.945583596214514,
    "medianResTime" : 4.0,
    "minResTime" : 1.0,
    "maxResTime" : 141.0,
    "pct1ResTime" : 9.0,
    "pct2ResTime" : 11.0,
    "pct3ResTime" : 63.0,
    "throughput" : 6.459467858034345,
    "receivedKBytesPerSec" : 87.96794368087784,
    "sentKBytesPerSec" : 1.1102210380996531
  },
  "Create Category" : {
    "transaction" : "Create Category",
    "sampleCount" : 50,
    "errorCount" : 0,
    "errorPct" : 0.0,
    "meanResTime" : 9.02,
    "medianResTime" : 5.0,
    "minResTime" : 3.0,
    "maxResTime" : 93.0,
    "pct1ResTime" : 12.0,
    "pct2ResTime" : 34.34999999999982,
    "pct3ResTime" : 93.0,
    "throughput" : 0.4318758961424845,
    "receivedKBytesPerSec" : 0.188186547713649,
    "sentKBytesPerSec" : 0.1822398190655933
  },
  "Make Payment" : {
    "transaction" : "Make Payment",
    "sampleCount" : 300,
    "errorCount" : 0,
    "errorPct" : 0.0,
    "meanResTime" : 469.09999999999997,
    "medianResTime" : 436.5,
    "minResTime" : 392.0,
    "maxResTime" : 931.0,
    "pct1ResTime" : 588.0,
    "pct2ResTime" : 699.75,
    "pct3ResTime" : 799.8500000000001,
    "throughput" : 2.7659711785803194,
    "receivedKBytesPerSec" : 0.8319522685573616,
    "sentKBytesPerSec" : 1.442410751329971
  },
  "Get All Orders" : {
    "transaction" : "Get All Orders",
    "sampleCount" : 50,
    "errorCount" : 0,
    "errorPct" : 0.0,
    "meanResTime" : 147.78000000000006,
    "medianResTime" : 149.5,
    "minResTime" : 102.0,
    "maxResTime" : 202.0,
    "pct1ResTime" : 180.9,
    "pct2ResTime" : 182.45,
    "pct3ResTime" : 202.0,
    "throughput" : 0.43054826015448067,
    "receivedKBytesPerSec" : 1921.0008440764093,
    "sentKBytesPerSec" : 0.15094416542525252
  },
  "Total" : {
    "transaction" : "Total",
    "sampleCount" : 7586,
    "errorCount" : 40,
    "errorPct" : 0.5272871,
    "meanResTime" : 45.15910888478786,
    "medianResTime" : 4.0,
    "minResTime" : 0.0,
    "maxResTime" : 2067.0,
    "pct1ResTime" : 83.0,
    "pct2ResTime" : 403.64999999999964,
    "pct3ResTime" : 608.5600000000013,
    "throughput" : 38.57575819213636,
    "receivedKBytesPerSec" : 1603.6627162131583,
    "sentKBytesPerSec" : 8.467686573235971
  },
  "Search" : {
    "transaction" : "Search",
    "sampleCount" : 654,
    "errorCount" : 0,
    "errorPct" : 0.0,
    "meanResTime" : 5.356269113149845,
    "medianResTime" : 3.0,
    "minResTime" : 1.0,
    "maxResTime" : 114.0,
    "pct1ResTime" : 7.0,
    "pct2ResTime" : 8.0,
    "pct3ResTime" : 71.0,
    "throughput" : 3.3934186357834437,
    "receivedKBytesPerSec" : 0.8848073981974409,
    "sentKBytesPerSec" : 0.589871598798294
  },
  "Update Order Status" : {
    "transaction" : "Update Order Status",
    "sampleCount" : 50,
    "errorCount" : 0,
    "errorPct" : 0.0,
    "meanResTime" : 8.500000000000002,
    "medianResTime" : 5.0,
    "minResTime" : 2.0,
    "maxResTime" : 126.0,
    "pct1ResTime" : 11.0,
    "pct2ResTime" : 17.499999999999957,
    "pct3ResTime" : 126.0,
    "throughput" : 0.43065580265628495,
    "receivedKBytesPerSec" : 2.5540748921207213,
    "sentKBytesPerSec" : 0.18336516597474634
  },
  "Related Product" : {
    "transaction" : "Related Product",
    "sampleCount" : 645,
    "errorCount" : 0,
    "errorPct" : 0.0,
    "meanResTime" : 7.234108527131784,
    "medianResTime" : 5.0,
    "minResTime" : 2.0,
    "maxResTime" : 116.0,
    "pct1ResTime" : 10.0,
    "pct2ResTime" : 11.0,
    "pct3ResTime" : 68.0,
    "throughput" : 3.4011453159110325,
    "receivedKBytesPerSec" : 3.3313952654870755,